GroupId,GroupName,VpcId,Description,OwnerId,InboundRulesCount,OutboundRulesCount,Tags
sg-04c8834d84d516eae,app-4848-int-appconf-api-lb,vpc-0fec40ee130fe2f53,app-4848-int-appconf-api load balancer,121054060577,2,1,"aws:servicecatalog:provisioningPrincipalArn:arn:aws:sts::121054060577:assumed-role/CloudFormationRole/AWSCloudFormation,aws:cloudformation:stack-name:SC-121054060577-pp-bzyx5jjplvt5g,hig-billing:APP-4848,hig-data-classification:NonConfidential,aws:servicecatalog:provisionedProductArn:arn:aws:servicecatalog:us-east-1:121054060577:stack/app-4848-infoservices-appconf-api-ecs-int/pp-bzyx5jjplvt5g,aws:servicecatalog:productArn:arn:aws:catalog:us-east-1:721748162671:product/prod-neykj2df7g4qy,hig-environment-type:NONPROD,aws:cloudformation:stack-id:arn:aws:cloudformation:us-east-1:121054060577:stack/SC-121054060577-pp-bzyx5jjplvt5g/1187a7c0-f69f-11ee-89dc-12b207307f6b,aws:servicecatalog:portfolioArn:arn:aws:catalog:us-east-1:721748162671:portfolio/port-xs4quctlyp522,aws:cloudformation:logical-id:LoadBalancerSecurityGroup,hig-planit-appid:APP-4848-NONPROD,aws:servicecatalog:provisioningArtifactIdentifier:pa-75iayyhjcs7oq"
sg-0964316efeb4b73c6,app-4848-int-appconf-api-service,vpc-0fec40ee130fe2f53,app-4848-int-appconf-api service security group,121054060577,1,1,"aws:cloudformation:logical-id:ServiceSecurityGroup,aws:servicecatalog:productArn:arn:aws:catalog:us-east-1:721748162671:product/prod-neykj2df7g4qy,hig-billing:APP-4848,hig-planit-appid:APP-4848-NONPROD,aws:servicecatalog:provisioningPrincipalArn:arn:aws:sts::121054060577:assumed-role/CloudFormationRole/AWSCloudFormation,hig-data-classification:NonConfidential,hig-environment-type:NONPROD,aws:cloudformation:stack-name:SC-121054060577-pp-bzyx5jjplvt5g,aws:cloudformation:stack-id:arn:aws:cloudformation:us-east-1:121054060577:stack/SC-121054060577-pp-bzyx5jjplvt5g/1187a7c0-f69f-11ee-89dc-12b207307f6b,aws:servicecatalog:provisionedProductArn:arn:aws:servicecatalog:us-east-1:121054060577:stack/app-4848-infoservices-appconf-api-ecs-int/pp-bzyx5jjplvt5g,aws:servicecatalog:provisioningArtifactIdentifier:pa-75iayyhjcs7oq,aws:servicecatalog:portfolioArn:arn:aws:catalog:us-east-1:721748162671:portfolio/port-xs4quctlyp522"
sg-067ca77001991c7f0,app-4848-int-explore-vio-api-lb,vpc-0fec40ee130fe2f53,app-4848-int-explore-vio-api load balancer,121054060577,1,1,"hig-planit-appid:APP-4848-NONPROD,aws:cloudformation:stack-id:arn:aws:cloudformation:us-east-1:121054060577:stack/SC-121054060577-pp-a5srevxedvrfq/14ede570-8c54-11ed-abc1-120acb2ea075,hig-data-classification:NonConfidential,aws:servicecatalog:provisionedProductArn:arn:aws:servicecatalog:us-east-1:121054060577:stack/app-4848-explore-vio-api-ecs-int/pp-a5srevxedvrfq,hig-billing:APP-4848,aws:servicecatalog:productArn:arn:aws:catalog:us-east-1:721748162671:product/prod-neykj2df7g4qy,hig-environment-type:NONPROD,aws:servicecatalog:provisioningPrincipalArn:arn:aws:sts::121054060577:assumed-role/CloudFormationRole/AWSCloudFormation,aws:cloudformation:logical-id:LoadBalancerSecurityGroup,aws:servicecatalog:provisioningArtifactIdentifier:pa-rdpgjgr6ivvds,aws:servicecatalog:portfolioArn:arn:aws:catalog:us-east-1:721748162671:portfolio/port-xs4quctlyp522,aws:cloudformation:stack-name:SC-121054060577-pp-a5srevxedvrfq"
sg-080bda791f70c74e2,app-4848-int-explore-vio-api-service,vpc-0fec40ee130fe2f53,app-4848-int-explore-vio-api service security group,121054060577,1,1,"aws:servicecatalog:provisionedProductArn:arn:aws:servicecatalog:us-east-1:121054060577:stack/app-4848-explore-vio-api-ecs-int/pp-a5srevxedvrfq,aws:servicecatalog:provisioningPrincipalArn:arn:aws:sts::121054060577:assumed-role/CloudFormationRole/AWSCloudFormation,hig-billing:APP-4848,aws:servicecatalog:provisioningArtifactIdentifier:pa-rdpgjgr6ivvds,aws:servicecatalog:portfolioArn:arn:aws:catalog:us-east-1:721748162671:portfolio/port-xs4quctlyp522,aws:cloudformation:logical-id:ServiceSecurityGroup,aws:cloudformation:stack-name:SC-121054060577-pp-a5srevxedvrfq,hig-planit-appid:APP-4848-NONPROD,aws:cloudformation:stack-id:arn:aws:cloudformation:us-east-1:121054060577:stack/SC-121054060577-pp-a5srevxedvrfq/14ede570-8c54-11ed-abc1-120acb2ea075,hig-data-classification:NonConfidential,aws:servicecatalog:productArn:arn:aws:catalog:us-east-1:721748162671:product/prod-neykj2df7g4qy,hig-environment-type:NONPROD"
sg-0097748128e978099,app-4848-int-risk-api-lb,vpc-0fec40ee130fe2f53,app-4848-int-risk-api load balancer,121054060577,1,1,"aws:servicecatalog:provisioningArtifactIdentifier:pa-y66yzmp6qjois,aws:servicecatalog:provisionedProductArn:arn:aws:servicecatalog:us-east-1:121054060577:stack/app-4848-infoservices-risk-api-ecs-int/pp-puxi2lriae3ay,aws:cloudformation:stack-id:arn:aws:cloudformation:us-east-1:121054060577:stack/SC-121054060577-pp-puxi2lriae3ay/426c7540-08f4-11ed-8236-0a451f33aa4f,aws:cloudformation:stack-name:SC-121054060577-pp-puxi2lriae3ay,hig-planit-appid:APP-4848-NONPROD,aws:servicecatalog:portfolioArn:arn:aws:catalog:us-east-1:721748162671:portfolio/port-xs4quctlyp522,aws:servicecatalog:provisioningPrincipalArn:arn:aws:sts::121054060577:assumed-role/CloudFormationRole/AWSCloudFormation,aws:cloudformation:logical-id:LoadBalancerSecurityGroup,aws:servicecatalog:productArn:arn:aws:catalog:us-east-1:721748162671:product/prod-neykj2df7g4qy,hig-environment-type:NONPROD,hig-billing:APP-4848,hig-data-classification:NonConfidential"
sg-081e577a16f4b7573,app-4848-int-risk-api-service,vpc-0fec40ee130fe2f53,app-4848-int-risk-api service security group,121054060577,1,1,"aws:servicecatalog:provisionedProductArn:arn:aws:servicecatalog:us-east-1:121054060577:stack/app-4848-infoservices-risk-api-ecs-int/pp-puxi2lriae3ay,aws:cloudformation:stack-id:arn:aws:cloudformation:us-east-1:121054060577:stack/SC-121054060577-pp-puxi2lriae3ay/426c7540-08f4-11ed-8236-0a451f33aa4f,hig-data-classification:NonConfidential,hig-billing:APP-4848,hig-planit-appid:APP-4848-NONPROD,aws:cloudformation:stack-name:SC-121054060577-pp-puxi2lriae3ay,aws:servicecatalog:provisioningArtifactIdentifier:pa-y66yzmp6qjois,aws:servicecatalog:portfolioArn:arn:aws:catalog:us-east-1:721748162671:portfolio/port-xs4quctlyp522,hig-environment-type:NONPROD,aws:servicecatalog:provisioningPrincipalArn:arn:aws:sts::121054060577:assumed-role/CloudFormationRole/AWSCloudFormation,aws:cloudformation:logical-id:ServiceSecurityGroup,aws:servicecatalog:productArn:arn:aws:catalog:us-east-1:721748162671:product/prod-neykj2df7g4qy"
sg-0a8413c6d2de45573,app-4848-int-towncodes-api-lb,vpc-0fec40ee130fe2f53,app-4848-int-towncodes-api load balancer,121054060577,1,1,"aws:cloudformation:logical-id:LoadBalancerSecurityGroup,aws:cloudformation:stack-id:arn:aws:cloudformation:us-east-1:121054060577:stack/SC-121054060577-pp-4znglx2ozhwge/2aa58660-f709-11ec-a88b-0e176576c665,aws:servicecatalog:portfolioArn:arn:aws:catalog:us-east-1:721748162671:portfolio/port-xs4quctlyp522,aws:servicecatalog:provisioningArtifactIdentifier:pa-rdpgjgr6ivvds,aws:cloudformation:stack-name:SC-121054060577-pp-4znglx2ozhwge,aws:servicecatalog:productArn:arn:aws:catalog:us-east-1:721748162671:product/prod-neykj2df7g4qy,hig-environment-type:NONPROD,hig-planit-appid:APP-4848-NONPROD,hig-data-classification:NonConfidential,aws:servicecatalog:provisioningPrincipalArn:arn:aws:sts::121054060577:assumed-role/CloudFormationRole/AWSCloudFormation,hig-billing:APP-4848,aws:servicecatalog:provisionedProductArn:arn:aws:servicecatalog:us-east-1:121054060577:stack/app-4848-infoservices-towncodes-api-ecs-int/pp-4znglx2ozhwge"
sg-0a415c13a9e5dcccf,app-4848-int-towncodes-api-service,vpc-0fec40ee130fe2f53,app-4848-int-towncodes-api service security group,121054060577,1,1,"hig-billing:APP-4848,hig-data-classification:NonConfidential,aws:cloudformation:stack-id:arn:aws:cloudformation:us-east-1:121054060577:stack/SC-121054060577-pp-4znglx2ozhwge/2aa58660-f709-11ec-a88b-0e176576c665,aws:servicecatalog:provisioningPrincipalArn:arn:aws:sts::121054060577:assumed-role/CloudFormationRole/AWSCloudFormation,aws:servicecatalog:productArn:arn:aws:catalog:us-east-1:721748162671:product/prod-neykj2df7g4qy,hig-planit-appid:APP-4848-NONPROD,aws:cloudformation:logical-id:ServiceSecurityGroup,hig-environment-type:NONPROD,aws:cloudformation:stack-name:SC-121054060577-pp-4znglx2ozhwge,aws:servicecatalog:portfolioArn:arn:aws:catalog:us-east-1:721748162671:portfolio/port-xs4quctlyp522,aws:servicecatalog:provisioningArtifactIdentifier:pa-rdpgjgr6ivvds,aws:servicecatalog:provisionedProductArn:arn:aws:servicecatalog:us-east-1:121054060577:stack/app-4848-infoservices-towncodes-api-ecs-int/pp-4znglx2ozhwge"
sg-025a5bd6ccda56700,app-4848-int-vehiclesymbols-lb,vpc-0fec40ee130fe2f53,app-4848-int-vehiclesymbols load balancer,121054060577,1,1,"aws:servicecatalog:productArn:arn:aws:catalog:us-east-1:721748162671:product/prod-neykj2df7g4qy,aws:servicecatalog:provisionedProductArn:arn:aws:servicecatalog:us-east-1:121054060577:stack/VehicleSymbolsApiEcsCluster-UU90EcRh3bJh/pp-uhzzoap4p562g,hig-environment-type:NONPROD,aws:servicecatalog:portfolioArn:arn:aws:catalog:us-east-1:721748162671:portfolio/port-xs4quctlyp522,aws:cloudformation:stack-id:arn:aws:cloudformation:us-east-1:121054060577:stack/SC-121054060577-pp-uhzzoap4p562g/94375ed0-d80b-11ed-ba38-0a980dd232fd,hig-data-classification:NonConfidential,hig-planit-appid:APP-4848-NONPROD,aws:cloudformation:logical-id:LoadBalancerSecurityGroup,aws:servicecatalog:provisioningArtifactIdentifier:pa-rdpgjgr6ivvds,aws:servicecatalog:provisioningPrincipalArn:arn:aws:sts::121054060577:assumed-role/CloudFormationRole/AWSCloudFormation,hig-billing:APP-4848,aws:cloudformation:stack-name:SC-121054060577-pp-uhzzoap4p562g"
sg-01abfba3cf0fb6bc3,app-4848-int-vehiclesymbols-service,vpc-0fec40ee130fe2f53,app-4848-int-vehiclesymbols service security group,121054060577,1,1,"aws:servicecatalog:productArn:arn:aws:catalog:us-east-1:721748162671:product/prod-neykj2df7g4qy,hig-environment-type:NONPROD,hig-planit-appid:APP-4848-NONPROD,aws:servicecatalog:provisionedProductArn:arn:aws:servicecatalog:us-east-1:121054060577:stack/VehicleSymbolsApiEcsCluster-UU90EcRh3bJh/pp-uhzzoap4p562g,aws:servicecatalog:portfolioArn:arn:aws:catalog:us-east-1:721748162671:portfolio/port-xs4quctlyp522,aws:servicecatalog:provisioningPrincipalArn:arn:aws:sts::121054060577:assumed-role/CloudFormationRole/AWSCloudFormation,aws:cloudformation:stack-id:arn:aws:cloudformation:us-east-1:121054060577:stack/SC-121054060577-pp-uhzzoap4p562g/94375ed0-d80b-11ed-ba38-0a980dd232fd,aws:cloudformation:stack-name:SC-121054060577-pp-uhzzoap4p562g,hig-billing:APP-4848,hig-data-classification:NonConfidential,aws:servicecatalog:provisioningArtifactIdentifier:pa-rdpgjgr6ivvds,aws:cloudformation:logical-id:ServiceSecurityGroup"
sg-031c07d40fa280df1,app-4848-pte-appconf-api-lb,vpc-0fec40ee130fe2f53,app-4848-pte-appconf-api load balancer,121054060577,2,1,"aws:cloudformation:stack-name:SC-121054060577-pp-kppd6dcbp6pck,aws:servicecatalog:productArn:arn:aws:catalog:us-east-1:721748162671:product/prod-neykj2df7g4qy,aws:servicecatalog:provisioningArtifactIdentifier:pa-y66yzmp6qjois,hig-data-classification:NonConfidential,hig-environment-type:NONPROD,hig-billing:APP-4848,hig-planit-appid:APP-4848-NONPROD,aws:cloudformation:logical-id:LoadBalancerSecurityGroup,aws:cloudformation:stack-id:arn:aws:cloudformation:us-east-1:121054060577:stack/SC-121054060577-pp-kppd6dcbp6pck/1d5788f0-126b-11ed-a7f3-12c5bbaea8f1,aws:servicecatalog:provisioningPrincipalArn:arn:aws:sts::121054060577:assumed-role/CloudFormationRole/AWSCloudFormation,aws:servicecatalog:portfolioArn:arn:aws:catalog:us-east-1:721748162671:portfolio/port-xs4quctlyp522,aws:servicecatalog:provisionedProductArn:arn:aws:servicecatalog:us-east-1:121054060577:stack/app-4848-infoservices-appconf-api-ecs-pte/pp-kppd6dcbp6pck"
sg-08eb9dd3d5cbd4eff,app-4848-pte-appconf-api-service,vpc-0fec40ee130fe2f53,app-4848-pte-appconf-api service security group,121054060577,1,1,"hig-data-classification:NonConfidential,aws:cloudformation:stack-name:SC-121054060577-pp-kppd6dcbp6pck,aws:servicecatalog:productArn:arn:aws:catalog:us-east-1:721748162671:product/prod-neykj2df7g4qy,hig-environment-type:NONPROD,aws:cloudformation:logical-id:ServiceSecurityGroup,aws:servicecatalog:provisionedProductArn:arn:aws:servicecatalog:us-east-1:121054060577:stack/app-4848-infoservices-appconf-api-ecs-pte/pp-kppd6dcbp6pck,aws:servicecatalog:provisioningPrincipalArn:arn:aws:sts::121054060577:assumed-role/CloudFormationRole/AWSCloudFormation,hig-billing:APP-4848,hig-planit-appid:APP-4848-NONPROD,aws:cloudformation:stack-id:arn:aws:cloudformation:us-east-1:121054060577:stack/SC-121054060577-pp-kppd6dcbp6pck/1d5788f0-126b-11ed-a7f3-12c5bbaea8f1,aws:servicecatalog:portfolioArn:arn:aws:catalog:us-east-1:721748162671:portfolio/port-xs4quctlyp522,aws:servicecatalog:provisioningArtifactIdentifier:pa-y66yzmp6qjois"
sg-00ac5d16999a57c73,app-4848-pte-explore-vio-api-lb,vpc-0fec40ee130fe2f53,app-4848-pte-explore-vio-api load balancer,121054060577,1,1,"hig-environment-type:PREPROD,hig-planit-appid:APP-4848-PREPROD,aws:servicecatalog:provisioningPrincipalArn:arn:aws:sts::121054060577:assumed-role/CloudFormationRole/AWSCloudFormation,hig-billing:APP-4848,aws:cloudformation:stack-id:arn:aws:cloudformation:us-east-1:121054060577:stack/SC-121054060577-pp-capdzoj6hyibg/c1865b10-2bef-11ee-8da2-0ee83e015889,aws:cloudformation:logical-id:LoadBalancerSecurityGroup,aws:servicecatalog:portfolioArn:arn:aws:catalog:us-east-1:721748162671:portfolio/port-xs4quctlyp522,aws:servicecatalog:productArn:arn:aws:catalog:us-east-1:721748162671:product/prod-neykj2df7g4qy,aws:cloudformation:stack-name:SC-121054060577-pp-capdzoj6hyibg,hig-data-classification:CompanyConfidential,aws:servicecatalog:provisionedProductArn:arn:aws:servicecatalog:us-east-1:121054060577:stack/app-4848-explore-vio-api-ecs-pte/pp-capdzoj6hyibg,aws:servicecatalog:provisioningArtifactIdentifier:pa-rdpgjgr6ivvds"
sg-0125c8fa8cb3166c8,app-4848-pte-explore-vio-api-service,vpc-0fec40ee130fe2f53,app-4848-pte-explore-vio-api service security group,121054060577,1,1,"aws:cloudformation:stack-id:arn:aws:cloudformation:us-east-1:121054060577:stack/SC-121054060577-pp-capdzoj6hyibg/c1865b10-2bef-11ee-8da2-0ee83e015889,aws:servicecatalog:provisionedProductArn:arn:aws:servicecatalog:us-east-1:121054060577:stack/app-4848-explore-vio-api-ecs-pte/pp-capdzoj6hyibg,hig-planit-appid:APP-4848-PREPROD,aws:cloudformation:logical-id:ServiceSecurityGroup,aws:servicecatalog:provisioningArtifactIdentifier:pa-rdpgjgr6ivvds,aws:cloudformation:stack-name:SC-121054060577-pp-capdzoj6hyibg,hig-data-classification:CompanyConfidential,aws:servicecatalog:portfolioArn:arn:aws:catalog:us-east-1:721748162671:portfolio/port-xs4quctlyp522,aws:servicecatalog:productArn:arn:aws:catalog:us-east-1:721748162671:product/prod-neykj2df7g4qy,aws:servicecatalog:provisioningPrincipalArn:arn:aws:sts::121054060577:assumed-role/CloudFormationRole/AWSCloudFormation,hig-billing:APP-4848,hig-environment-type:PREPROD"
sg-033866493f26e5f0c,app-4848-pte-risk-api-lb,vpc-0fec40ee130fe2f53,app-4848-pte-risk-api load balancer,121054060577,1,1,"aws:cloudformation:logical-id:LoadBalancerSecurityGroup,aws:cloudformation:stack-name:SC-121054060577-pp-b43rxylm5odyw,aws:servicecatalog:provisioningPrincipalArn:arn:aws:sts::121054060577:assumed-role/CloudFormationRole/AWSCloudFormation,hig-planit-appid:APP-4848-NONPROD,aws:servicecatalog:portfolioArn:arn:aws:catalog:us-east-1:721748162671:portfolio/port-xs4quctlyp522,aws:servicecatalog:provisioningArtifactIdentifier:pa-y66yzmp6qjois,hig-data-classification:NonConfidential,hig-billing:APP-4848,aws:cloudformation:stack-id:arn:aws:cloudformation:us-east-1:121054060577:stack/SC-121054060577-pp-b43rxylm5odyw/fe1cce20-08ef-11ed-8a49-1275cc312885,aws:servicecatalog:productArn:arn:aws:catalog:us-east-1:721748162671:product/prod-neykj2df7g4qy,hig-environment-type:NONPROD,aws:servicecatalog:provisionedProductArn:arn:aws:servicecatalog:us-east-1:121054060577:stack/app-4848-infoservices-risk-api-ecs-pte/pp-b43rxylm5odyw"
sg-09c9fbb0a315d9251,app-4848-pte-risk-api-service,vpc-0fec40ee130fe2f53,app-4848-pte-risk-api service security group,121054060577,1,1,"aws:cloudformation:logical-id:ServiceSecurityGroup,aws:servicecatalog:provisionedProductArn:arn:aws:servicecatalog:us-east-1:121054060577:stack/app-4848-infoservices-risk-api-ecs-pte/pp-b43rxylm5odyw,hig-planit-appid:APP-4848-NONPROD,aws:servicecatalog:provisioningArtifactIdentifier:pa-y66yzmp6qjois,aws:servicecatalog:portfolioArn:arn:aws:catalog:us-east-1:721748162671:portfolio/port-xs4quctlyp522,aws:servicecatalog:provisioningPrincipalArn:arn:aws:sts::121054060577:assumed-role/CloudFormationRole/AWSCloudFormation,hig-billing:APP-4848,aws:cloudformation:stack-id:arn:aws:cloudformation:us-east-1:121054060577:stack/SC-121054060577-pp-b43rxylm5odyw/fe1cce20-08ef-11ed-8a49-1275cc312885,aws:cloudformation:stack-name:SC-121054060577-pp-b43rxylm5odyw,hig-data-classification:NonConfidential,hig-environment-type:NONPROD,aws:servicecatalog:productArn:arn:aws:catalog:us-east-1:721748162671:product/prod-neykj2df7g4qy"
sg-0e90ddd1f484fceca,app-4848-pte-towncodes-api-lb,vpc-0fec40ee130fe2f53,app-4848-pte-towncodes-api load balancer,121054060577,1,1,"aws:cloudformation:stack-id:arn:aws:cloudformation:us-east-1:121054060577:stack/SC-121054060577-pp-qactf6de4ijpo/9bf768e0-ca5f-11ed-b25f-0e698f8484ad,hig-environment-type:PREPROD,hig-data-classification:NonConfidential,aws:servicecatalog:provisioningPrincipalArn:arn:aws:sts::121054060577:assumed-role/CloudFormationRole/AWSCloudFormation,hig-billing:APP-4848,aws:servicecatalog:provisioningArtifactIdentifier:pa-rdpgjgr6ivvds,aws:servicecatalog:productArn:arn:aws:catalog:us-east-1:721748162671:product/prod-neykj2df7g4qy,aws:cloudformation:logical-id:LoadBalancerSecurityGroup,aws:servicecatalog:provisionedProductArn:arn:aws:servicecatalog:us-east-1:121054060577:stack/app-4848-infoservices-towncodes-api-ecs-pte/pp-qactf6de4ijpo,aws:cloudformation:stack-name:SC-121054060577-pp-qactf6de4ijpo,aws:servicecatalog:portfolioArn:arn:aws:catalog:us-east-1:721748162671:portfolio/port-xs4quctlyp522,hig-planit-appid:APP-4848-PREPROD"
sg-0d1213f9a3fc4b9a2,app-4848-pte-towncodes-api-service,vpc-0fec40ee130fe2f53,app-4848-pte-towncodes-api service security group,121054060577,1,1,"hig-billing:APP-4848,aws:servicecatalog:provisioningPrincipalArn:arn:aws:sts::121054060577:assumed-role/CloudFormationRole/AWSCloudFormation,hig-data-classification:NonConfidential,hig-environment-type:PREPROD,aws:servicecatalog:provisioningArtifactIdentifier:pa-rdpgjgr6ivvds,aws:cloudformation:stack-id:arn:aws:cloudformation:us-east-1:121054060577:stack/SC-121054060577-pp-qactf6de4ijpo/9bf768e0-ca5f-11ed-b25f-0e698f8484ad,aws:cloudformation:logical-id:ServiceSecurityGroup,aws:servicecatalog:productArn:arn:aws:catalog:us-east-1:721748162671:product/prod-neykj2df7g4qy,aws:cloudformation:stack-name:SC-121054060577-pp-qactf6de4ijpo,aws:servicecatalog:portfolioArn:arn:aws:catalog:us-east-1:721748162671:portfolio/port-xs4quctlyp522,aws:servicecatalog:provisionedProductArn:arn:aws:servicecatalog:us-east-1:121054060577:stack/app-4848-infoservices-towncodes-api-ecs-pte/pp-qactf6de4ijpo,hig-planit-appid:APP-4848-PREPROD"
sg-0ccf419b681b033b1,app-4848-pte-vehiclesymbols-lb,vpc-0fec40ee130fe2f53,app-4848-pte-vehiclesymbols load balancer,121054060577,1,1,"aws:servicecatalog:portfolioArn:arn:aws:catalog:us-east-1:721748162671:portfolio/port-xs4quctlyp522,aws:servicecatalog:productArn:arn:aws:catalog:us-east-1:721748162671:product/prod-neykj2df7g4qy,aws:cloudformation:logical-id:LoadBalancerSecurityGroup,aws:servicecatalog:provisionedProductArn:arn:aws:servicecatalog:us-east-1:121054060577:stack/VehicleSymbolsApiEcsCluster-2yfMc53dErtM/pp-fi5fqsk7eyrls,aws:servicecatalog:provisioningPrincipalArn:arn:aws:sts::121054060577:assumed-role/CloudFormationRole/AWSCloudFormation,aws:cloudformation:stack-id:arn:aws:cloudformation:us-east-1:121054060577:stack/SC-121054060577-pp-fi5fqsk7eyrls/9342c9d0-e91b-11ed-8ca3-12649869eafb,aws:servicecatalog:provisioningArtifactIdentifier:pa-rdpgjgr6ivvds,hig-data-classification:NonConfidential,aws:cloudformation:stack-name:SC-121054060577-pp-fi5fqsk7eyrls,hig-billing:APP-4848,hig-environment-type:PREPROD,hig-planit-appid:APP-4848-PREPROD"
sg-00a98a6cd84324e18,app-4848-pte-vehiclesymbols-service,vpc-0fec40ee130fe2f53,app-4848-pte-vehiclesymbols service security group,121054060577,1,1,"aws:servicecatalog:portfolioArn:arn:aws:catalog:us-east-1:721748162671:portfolio/port-xs4quctlyp522,aws:servicecatalog:productArn:arn:aws:catalog:us-east-1:721748162671:product/prod-neykj2df7g4qy,aws:cloudformation:stack-id:arn:aws:cloudformation:us-east-1:121054060577:stack/SC-121054060577-pp-fi5fqsk7eyrls/9342c9d0-e91b-11ed-8ca3-12649869eafb,aws:cloudformation:logical-id:ServiceSecurityGroup,aws:servicecatalog:provisioningArtifactIdentifier:pa-rdpgjgr6ivvds,hig-billing:APP-4848,hig-data-classification:NonConfidential,aws:servicecatalog:provisionedProductArn:arn:aws:servicecatalog:us-east-1:121054060577:stack/VehicleSymbolsApiEcsCluster-2yfMc53dErtM/pp-fi5fqsk7eyrls,aws:servicecatalog:provisioningPrincipalArn:arn:aws:sts::121054060577:assumed-role/CloudFormationRole/AWSCloudFormation,hig-planit-appid:APP-4848-PREPROD,hig-environment-type:PREPROD,aws:cloudformation:stack-name:SC-121054060577-pp-fi5fqsk7eyrls"
sg-07b95b7aee110a4fa,app-4848-qa-appconf-api-lb,vpc-0fec40ee130fe2f53,app-4848-qa-appconf-api load balancer,121054060577,2,1,"aws:cloudformation:stack-name:SC-121054060577-pp-k5d3mcw2fpo44,hig-data-classification:NonConfidential,hig-billing:APP-4848,hig-planit-appid:APP-4848-NONPROD,aws:servicecatalog:provisionedProductArn:arn:aws:servicecatalog:us-east-1:121054060577:stack/app-4848-infoservices-appconf-api-ecs-qa/pp-k5d3mcw2fpo44,aws:servicecatalog:provisioningArtifactIdentifier:pa-y66yzmp6qjois,aws:cloudformation:logical-id:LoadBalancerSecurityGroup,aws:servicecatalog:portfolioArn:arn:aws:catalog:us-east-1:721748162671:portfolio/port-xs4quctlyp522,hig-environment-type:NONPROD,aws:servicecatalog:provisioningPrincipalArn:arn:aws:sts::121054060577:assumed-role/CloudFormationRole/AWSCloudFormation,aws:cloudformation:stack-id:arn:aws:cloudformation:us-east-1:121054060577:stack/SC-121054060577-pp-k5d3mcw2fpo44/bcbd8e10-0f6b-11ed-b94c-0ecf20204b4f,aws:servicecatalog:productArn:arn:aws:catalog:us-east-1:721748162671:product/prod-neykj2df7g4qy"
sg-0f61a04d9b56be8ac,app-4848-qa-appconf-api-service,vpc-0fec40ee130fe2f53,app-4848-qa-appconf-api service security group,121054060577,1,1,"aws:cloudformation:stack-id:arn:aws:cloudformation:us-east-1:121054060577:stack/SC-121054060577-pp-k5d3mcw2fpo44/bcbd8e10-0f6b-11ed-b94c-0ecf20204b4f,aws:servicecatalog:productArn:arn:aws:catalog:us-east-1:721748162671:product/prod-neykj2df7g4qy,aws:servicecatalog:provisionedProductArn:arn:aws:servicecatalog:us-east-1:121054060577:stack/app-4848-infoservices-appconf-api-ecs-qa/pp-k5d3mcw2fpo44,hig-planit-appid:APP-4848-NONPROD,aws:cloudformation:logical-id:ServiceSecurityGroup,hig-environment-type:NONPROD,aws:servicecatalog:portfolioArn:arn:aws:catalog:us-east-1:721748162671:portfolio/port-xs4quctlyp522,aws:servicecatalog:provisioningArtifactIdentifier:pa-y66yzmp6qjois,aws:servicecatalog:provisioningPrincipalArn:arn:aws:sts::121054060577:assumed-role/CloudFormationRole/AWSCloudFormation,hig-billing:APP-4848,hig-data-classification:NonConfidential,aws:cloudformation:stack-name:SC-121054060577-pp-k5d3mcw2fpo44"
sg-05f6a233ac4f80cd2,app-4848-qa-explore-vio-api-lb,vpc-0fec40ee130fe2f53,app-4848-qa-explore-vio-api load balancer,121054060577,1,1,"aws:cloudformation:stack-name:SC-121054060577-pp-yspvn6zb36ix4,aws:servicecatalog:provisionedProductArn:arn:aws:servicecatalog:us-east-1:121054060577:stack/app-4848-explore-vio-api-ecs-qa/pp-yspvn6zb36ix4,aws:cloudformation:stack-id:arn:aws:cloudformation:us-east-1:121054060577:stack/SC-121054060577-pp-yspvn6zb36ix4/bd732c60-14fc-11ee-bb32-0ad97d3f8855,aws:servicecatalog:portfolioArn:arn:aws:catalog:us-east-1:721748162671:portfolio/port-xs4quctlyp522,aws:cloudformation:logical-id:LoadBalancerSecurityGroup,hig-planit-appid:APP-4848-NONPROD,aws:servicecatalog:provisioningArtifactIdentifier:pa-rdpgjgr6ivvds,aws:servicecatalog:provisioningPrincipalArn:arn:aws:sts::121054060577:assumed-role/CloudFormationRole/AWSCloudFormation,aws:servicecatalog:productArn:arn:aws:catalog:us-east-1:721748162671:product/prod-neykj2df7g4qy,hig-billing:APP-4848,hig-data-classification:NonConfidential,hig-environment-type:NONPROD"
sg-0e1cd5a78ef4d2702,app-4848-qa-explore-vio-api-service,vpc-0fec40ee130fe2f53,app-4848-qa-explore-vio-api service security group,121054060577,1,1,"aws:servicecatalog:provisioningPrincipalArn:arn:aws:sts::121054060577:assumed-role/CloudFormationRole/AWSCloudFormation,aws:servicecatalog:provisioningArtifactIdentifier:pa-rdpgjgr6ivvds,hig-billing:APP-4848,hig-data-classification:NonConfidential,aws:servicecatalog:productArn:arn:aws:catalog:us-east-1:721748162671:product/prod-neykj2df7g4qy,hig-environment-type:NONPROD,aws:cloudformation:logical-id:ServiceSecurityGroup,aws:cloudformation:stack-id:arn:aws:cloudformation:us-east-1:121054060577:stack/SC-121054060577-pp-yspvn6zb36ix4/bd732c60-14fc-11ee-bb32-0ad97d3f8855,aws:cloudformation:stack-name:SC-121054060577-pp-yspvn6zb36ix4,aws:servicecatalog:portfolioArn:arn:aws:catalog:us-east-1:721748162671:portfolio/port-xs4quctlyp522,hig-planit-appid:APP-4848-NONPROD,aws:servicecatalog:provisionedProductArn:arn:aws:servicecatalog:us-east-1:121054060577:stack/app-4848-explore-vio-api-ecs-qa/pp-yspvn6zb36ix4"
sg-0b81f44e006c69c7d,app-4848-qa-risk-api-lb,vpc-0fec40ee130fe2f53,app-4848-qa-risk-api load balancer,121054060577,1,1,"aws:cloudformation:stack-id:arn:aws:cloudformation:us-east-1:121054060577:stack/SC-121054060577-pp-uvrud3zl3whq6/5a714e00-08f8-11ed-88f9-0ecad413efe9,aws:cloudformation:stack-name:SC-121054060577-pp-uvrud3zl3whq6,hig-planit-appid:APP-4848-NONPROD,aws:cloudformation:logical-id:LoadBalancerSecurityGroup,aws:servicecatalog:provisionedProductArn:arn:aws:servicecatalog:us-east-1:121054060577:stack/app-4848-infoservices-risk-api-ecs-qa/pp-uvrud3zl3whq6,hig-data-classification:NonConfidential,hig-environment-type:NONPROD,aws:servicecatalog:productArn:arn:aws:catalog:us-east-1:721748162671:product/prod-neykj2df7g4qy,aws:servicecatalog:provisioningPrincipalArn:arn:aws:sts::121054060577:assumed-role/CloudFormationRole/AWSCloudFormation,hig-billing:APP-4848,aws:servicecatalog:provisioningArtifactIdentifier:pa-y66yzmp6qjois,aws:servicecatalog:portfolioArn:arn:aws:catalog:us-east-1:721748162671:portfolio/port-xs4quctlyp522"
sg-02905259e823a2ca3,app-4848-qa-risk-api-service,vpc-0fec40ee130fe2f53,app-4848-qa-risk-api service security group,121054060577,1,1,"aws:servicecatalog:provisioningArtifactIdentifier:pa-y66yzmp6qjois,aws:cloudformation:stack-id:arn:aws:cloudformation:us-east-1:121054060577:stack/SC-121054060577-pp-uvrud3zl3whq6/5a714e00-08f8-11ed-88f9-0ecad413efe9,hig-data-classification:NonConfidential,aws:cloudformation:logical-id:ServiceSecurityGroup,aws:cloudformation:stack-name:SC-121054060577-pp-uvrud3zl3whq6,aws:servicecatalog:provisionedProductArn:arn:aws:servicecatalog:us-east-1:121054060577:stack/app-4848-infoservices-risk-api-ecs-qa/pp-uvrud3zl3whq6,aws:servicecatalog:portfolioArn:arn:aws:catalog:us-east-1:721748162671:portfolio/port-xs4quctlyp522,aws:servicecatalog:provisioningPrincipalArn:arn:aws:sts::121054060577:assumed-role/CloudFormationRole/AWSCloudFormation,aws:servicecatalog:productArn:arn:aws:catalog:us-east-1:721748162671:product/prod-neykj2df7g4qy,hig-environment-type:NONPROD,hig-billing:APP-4848,hig-planit-appid:APP-4848-NONPROD"
sg-0a169bdd46f5ebc60,app-4848-qa-towncodes-api-lb,vpc-0fec40ee130fe2f53,app-4848-qa-towncodes-api load balancer,121054060577,1,1,"aws:servicecatalog:productArn:arn:aws:catalog:us-east-1:721748162671:product/prod-neykj2df7g4qy,aws:servicecatalog:provisionedProductArn:arn:aws:servicecatalog:us-east-1:121054060577:stack/app-4848-infoservices-towncodes-api-ecs-qa/pp-gvrqu7cz42use,aws:servicecatalog:portfolioArn:arn:aws:catalog:us-east-1:721748162671:portfolio/port-xs4quctlyp522,aws:servicecatalog:provisioningPrincipalArn:arn:aws:sts::121054060577:assumed-role/CloudFormationRole/AWSCloudFormation,aws:servicecatalog:provisioningArtifactIdentifier:pa-rdpgjgr6ivvds,aws:cloudformation:stack-name:SC-121054060577-pp-gvrqu7cz42use,hig-data-classification:NonConfidential,hig-environment-type:NONPROD,aws:cloudformation:stack-id:arn:aws:cloudformation:us-east-1:121054060577:stack/SC-121054060577-pp-gvrqu7cz42use/7ed2d0f0-0eb8-11ed-877b-0e3835ee0445,hig-billing:APP-4848,hig-planit-appid:APP-4848-NONPROD,aws:cloudformation:logical-id:LoadBalancerSecurityGroup"
sg-0d877da85a6f30976,app-4848-qa-towncodes-api-service,vpc-0fec40ee130fe2f53,app-4848-qa-towncodes-api service security group,121054060577,1,1,"aws:cloudformation:stack-name:SC-121054060577-pp-gvrqu7cz42use,aws:servicecatalog:provisioningArtifactIdentifier:pa-rdpgjgr6ivvds,hig-planit-appid:APP-4848-NONPROD,aws:cloudformation:stack-id:arn:aws:cloudformation:us-east-1:121054060577:stack/SC-121054060577-pp-gvrqu7cz42use/7ed2d0f0-0eb8-11ed-877b-0e3835ee0445,aws:cloudformation:logical-id:ServiceSecurityGroup,aws:servicecatalog:provisioningPrincipalArn:arn:aws:sts::121054060577:assumed-role/CloudFormationRole/AWSCloudFormation,hig-billing:APP-4848,aws:servicecatalog:productArn:arn:aws:catalog:us-east-1:721748162671:product/prod-neykj2df7g4qy,hig-data-classification:NonConfidential,hig-environment-type:NONPROD,aws:servicecatalog:provisionedProductArn:arn:aws:servicecatalog:us-east-1:121054060577:stack/app-4848-infoservices-towncodes-api-ecs-qa/pp-gvrqu7cz42use,aws:servicecatalog:portfolioArn:arn:aws:catalog:us-east-1:721748162671:portfolio/port-xs4quctlyp522"
sg-019497b97484b4834,app-4848-qa-vehiclesymbols-lb,vpc-0fec40ee130fe2f53,app-4848-qa-vehiclesymbols load balancer,121054060577,1,1,"aws:cloudformation:stack-id:arn:aws:cloudformation:us-east-1:121054060577:stack/SC-121054060577-pp-3vcpairssmthg/4316c5e0-e85a-11ed-9d58-0ac3526e2cbd,aws:servicecatalog:portfolioArn:arn:aws:catalog:us-east-1:721748162671:portfolio/port-xs4quctlyp522,aws:cloudformation:logical-id:LoadBalancerSecurityGroup,aws:servicecatalog:productArn:arn:aws:catalog:us-east-1:721748162671:product/prod-neykj2df7g4qy,hig-environment-type:NONPROD,aws:servicecatalog:provisioningPrincipalArn:arn:aws:sts::121054060577:assumed-role/CloudFormationRole/AWSCloudFormation,hig-planit-appid:APP-4848-NONPROD,hig-billing:APP-4848,hig-data-classification:NonConfidential,aws:cloudformation:stack-name:SC-121054060577-pp-3vcpairssmthg,aws:servicecatalog:provisionedProductArn:arn:aws:servicecatalog:us-east-1:121054060577:stack/VehicleSymbolsApiEcsCluster-4yIqTWsxQeCH/pp-3vcpairssmthg,aws:servicecatalog:provisioningArtifactIdentifier:pa-rdpgjgr6ivvds"
sg-0e6406a7728baefe0,app-4848-qa-vehiclesymbols-service,vpc-0fec40ee130fe2f53,app-4848-qa-vehiclesymbols service security group,121054060577,1,1,"aws:servicecatalog:provisioningArtifactIdentifier:pa-rdpgjgr6ivvds,aws:servicecatalog:provisioningPrincipalArn:arn:aws:sts::121054060577:assumed-role/CloudFormationRole/AWSCloudFormation,aws:cloudformation:stack-name:SC-121054060577-pp-3vcpairssmthg,aws:servicecatalog:productArn:arn:aws:catalog:us-east-1:721748162671:product/prod-neykj2df7g4qy,hig-data-classification:NonConfidential,hig-environment-type:NONPROD,hig-billing:APP-4848,aws:servicecatalog:provisionedProductArn:arn:aws:servicecatalog:us-east-1:121054060577:stack/VehicleSymbolsApiEcsCluster-4yIqTWsxQeCH/pp-3vcpairssmthg,aws:cloudformation:logical-id:ServiceSecurityGroup,hig-planit-appid:APP-4848-NONPROD,aws:cloudformation:stack-id:arn:aws:cloudformation:us-east-1:121054060577:stack/SC-121054060577-pp-3vcpairssmthg/4316c5e0-e85a-11ed-9d58-0ac3526e2cbd,aws:servicecatalog:portfolioArn:arn:aws:catalog:us-east-1:721748162671:portfolio/port-xs4quctlyp522"
sg-0d0debe94bc493571,dev-pl-home-roof-APP-4715-SG,vpc-0fec40ee130fe2f53,APP-4715 Security Group,121054060577,6,10,"aws:cloudformation:logical-id:AppSecurityGroup,hig-data-classification:NonConfidential,aws:cloudformation:stack-id:arn:aws:cloudformation:us-east-1:121054060577:stack/SC-121054060577-pp-fabakkdssu5o2-PrivateVPC-1OARWPBQUUU0S/91f96490-4f84-11eb-9631-0e3b177c99d5,aws:servicecatalog:portfolioArn:arn:aws:catalog:us-east-1:721748162671:portfolio/port-kwyqahnjhkjkc,aws:servicecatalog:provisioningArtifactIdentifier:pa-qfzh7ai3zp46s,aws:servicecatalog:provisioningPrincipalArn:arn:aws:sts::121054060577:assumed-role/AWSReservedSSO_HIGPowerUserPlus_a054b864f4a77f71/Chitaranjan.Nilak@thehartford.com,aws:servicecatalog:provisionedProductArn:arn:aws:servicecatalog:us-east-1:121054060577:stack/dev-pl-home-roof/pp-fabakkdssu5o2,hig-environment-type:NONPROD,aws:cloudformation:stack-name:SC-121054060577-pp-fabakkdssu5o2-PrivateVPC-1OARWPBQUUU0S,Name:dev-pl-home-roof-sg,aws:servicecatalog:productArn:arn:aws:catalog:us-east-1:721748162671:product/prod-rnrvevnm3sa3s"
sg-01727b0f115cb02a2,SC-121054060577-pp-2ocqbg7ny6ndi-ConnectionSecurityGroup-67MKST659ZPK,vpc-0fec40ee130fe2f53,APP-4848 Glue Connection,121054060577,1,2,"aws:cloudformation:stack-name:SC-121054060577-pp-2ocqbg7ny6ndi,hig-data-classification:NonConfidential,aws:servicecatalog:provisioningArtifactIdentifier:pa-kwstcnzf2ojg2,aws:servicecatalog:provisioningPrincipalArn:arn:aws:sts::121054060577:assumed-role/CloudFormationRole/AWSCloudFormation,hig-billing:APP-4848,hig-planit-appid:APP-4848-NONPROD,aws:servicecatalog:portfolioArn:arn:aws:catalog:us-east-1:721748162671:portfolio/port-xs4quctlyp522,hig-environment-type:NONPROD,aws:cloudformation:stack-id:arn:aws:cloudformation:us-east-1:121054060577:stack/SC-121054060577-pp-2ocqbg7ny6ndi/f37a4060-b777-11ed-92f2-0a5ce8e29bf7,aws:servicecatalog:productArn:arn:aws:catalog:us-east-1:721748162671:product/prod-6uhlnuhupswxk,aws:servicecatalog:provisionedProductArn:arn:aws:servicecatalog:us-east-1:121054060577:stack/App-4848-explore-glue-connection-pte/pp-2ocqbg7ny6ndi,aws:cloudformation:logical-id:ConnectionSecurityGroup"
sg-0511a6b6ef611cc2e,SC-121054060577-pp-353abcu6x3txo-DBEmailSecurityGroup-1INC9FRA87INI,vpc-0fec40ee130fe2f53,RDS PostgreSQL database Email connectivity for infoservices-int-pgdb,121054060577,0,1,"aws:cloudformation:stack-name:SC-121054060577-pp-353abcu6x3txo,aws:servicecatalog:provisionedProductArn:arn:aws:servicecatalog:us-east-1:121054060577:stack/PostgresDatabase-ocX7Sh5ltSO5/pp-353abcu6x3txo,DataClassification:NonConfidential,hig-environment-type:NONPROD,Name:infoservices-int-pgdb,aws:servicecatalog:productArn:arn:aws:catalog:us-east-1:721748162671:product/prod-imtz3lez247h2,aws:servicecatalog:provisioningArtifactIdentifier:pa-25szyrv5c5pam,hig-data-classification:NonConfidential,hig-billing:APP-4848,hig-planit-appid:APP-4848-NONPROD,Billing:APP-4848,aws:servicecatalog:portfolioArn:arn:aws:catalog:us-east-1:721748162671:portfolio/port-xs4quctlyp522,aws:servicecatalog:provisioningPrincipalArn:arn:aws:sts::121054060577:assumed-role/CloudFormationRole/AWSCloudFormation,AppId:APP-4848-NONPROD,aws:cloudformation:stack-id:arn:aws:cloudformation:us-east-1:121054060577:stack/SC-121054060577-pp-353abcu6x3txo/0fa68580-e06a-11ed-b732-12582f1880b9,Environment:NONPROD,aws:cloudformation:logical-id:DBEmailSecurityGroup"
sg-0ebb5300502701d46,SC-121054060577-pp-353abcu6x3txo-DBSecurityGroup-DZ3AR82X5LPK,vpc-0fec40ee130fe2f53,RDS PostgreSQL database access for infoservices-int-pgdb,121054060577,2,1,"aws:servicecatalog:portfolioArn:arn:aws:catalog:us-east-1:721748162671:portfolio/port-xs4quctlyp522,hig-planit-appid:APP-4848-NONPROD,aws:cloudformation:stack-id:arn:aws:cloudformation:us-east-1:121054060577:stack/SC-121054060577-pp-353abcu6x3txo/0fa68580-e06a-11ed-b732-12582f1880b9,hig-data-classification:NonConfidential,aws:cloudformation:logical-id:DBSecurityGroup,AppId:APP-4848-NONPROD,Billing:APP-4848,aws:servicecatalog:provisionedProductArn:arn:aws:servicecatalog:us-east-1:121054060577:stack/PostgresDatabase-ocX7Sh5ltSO5/pp-353abcu6x3txo,hig-billing:APP-4848,hig-environment-type:NONPROD,Name:infoservices-int-pgdb,aws:servicecatalog:productArn:arn:aws:catalog:us-east-1:721748162671:product/prod-imtz3lez247h2,DataClassification:NonConfidential,aws:cloudformation:stack-name:SC-121054060577-pp-353abcu6x3txo,aws:servicecatalog:provisioningArtifactIdentifier:pa-25szyrv5c5pam,Environment:NONPROD,aws:servicecatalog:provisioningPrincipalArn:arn:aws:sts::121054060577:assumed-role/CloudFormationRole/AWSCloudFormation"
sg-0d906f1f2853948c5,SC-121054060577-pp-3ivygcgksnjwc-ConnectionSecurityGroup-N0PNO8KX5JFK,vpc-0fec40ee130fe2f53,APP-4848 Glue Connection,121054060577,1,2,"aws:servicecatalog:provisioningArtifactIdentifier:pa-kwstcnzf2ojg2,hig-data-classification:NonConfidential,hig-environment-type:NONPROD,aws:cloudformation:stack-name:SC-121054060577-pp-3ivygcgksnjwc,hig-billing:APP-4848,aws:servicecatalog:provisionedProductArn:arn:aws:servicecatalog:us-east-1:121054060577:stack/App-4848-vehiclesymbols-glue-connection-int/pp-3ivygcgksnjwc,hig-planit-appid:APP-4848-NONPROD,aws:servicecatalog:provisioningPrincipalArn:arn:aws:sts::121054060577:assumed-role/CloudFormationRole/AWSCloudFormation,aws:cloudformation:stack-id:arn:aws:cloudformation:us-east-1:121054060577:stack/SC-121054060577-pp-3ivygcgksnjwc/6fab15d0-11da-11ee-82e2-12c79e06c887,aws:servicecatalog:portfolioArn:arn:aws:catalog:us-east-1:721748162671:portfolio/port-xs4quctlyp522,aws:cloudformation:logical-id:ConnectionSecurityGroup,aws:servicecatalog:productArn:arn:aws:catalog:us-east-1:721748162671:product/prod-6uhlnuhupswxk"
sg-056715672c0d2b99a,SC-121054060577-pp-5tquzoakmqjvo-ConnectionSecurityGroup-1MYMFC0A5GQ96,vpc-0fec40ee130fe2f53,APP-4848 Glue Connection,121054060577,1,2,"hig-data-classification:NonConfidential,hig-billing:APP-4848,aws:servicecatalog:provisioningArtifactIdentifier:pa-kwstcnzf2ojg2,aws:servicecatalog:provisionedProductArn:arn:aws:servicecatalog:us-east-1:121054060577:stack/App-4848-towncodes-glue-connection-qa/pp-5tquzoakmqjvo,aws:servicecatalog:provisioningPrincipalArn:arn:aws:sts::121054060577:assumed-role/CloudFormationRole/AWSCloudFormation,aws:cloudformation:stack-id:arn:aws:cloudformation:us-east-1:121054060577:stack/SC-121054060577-pp-5tquzoakmqjvo/d81c2a80-ecd0-11ec-acc8-0a7829d37e6d,hig-planit-appid:APP-4848-NONPROD,aws:cloudformation:stack-name:SC-121054060577-pp-5tquzoakmqjvo,aws:servicecatalog:portfolioArn:arn:aws:catalog:us-east-1:721748162671:portfolio/port-xs4quctlyp522,hig-environment-type:NONPROD,aws:cloudformation:logical-id:ConnectionSecurityGroup,aws:servicecatalog:productArn:arn:aws:catalog:us-east-1:721748162671:product/prod-6uhlnuhupswxk"
sg-0b76b4d5d6c4d52a1,SC-121054060577-pp-5wc3aiq3ulick-ConnectionSecurityGroup-1LEMACRUA33US,vpc-0fec40ee130fe2f53,APP-4848 Glue Connection,121054060577,1,2,"hig-data-classification:NonConfidential,aws:servicecatalog:provisioningArtifactIdentifier:pa-kwstcnzf2ojg2,aws:cloudformation:stack-id:arn:aws:cloudformation:us-east-1:121054060577:stack/SC-121054060577-pp-5wc3aiq3ulick/89dc9cb0-2317-11ed-80d1-0eed3c9196eb,aws:servicecatalog:provisioningPrincipalArn:arn:aws:sts::121054060577:assumed-role/CloudFormationRole/AWSCloudFormation,hig-billing:APP-4848,hig-planit-appid:APP-4848-NONPROD,aws:cloudformation:stack-name:SC-121054060577-pp-5wc3aiq3ulick,hig-environment-type:NONPROD,aws:servicecatalog:portfolioArn:arn:aws:catalog:us-east-1:721748162671:portfolio/port-xs4quctlyp522,aws:servicecatalog:productArn:arn:aws:catalog:us-east-1:721748162671:product/prod-6uhlnuhupswxk,aws:servicecatalog:provisionedProductArn:arn:aws:servicecatalog:us-east-1:121054060577:stack/App-4848-towncodes-glue-connection-int/pp-5wc3aiq3ulick,aws:cloudformation:logical-id:ConnectionSecurityGroup"
sg-049aad1c32bc75980,SC-121054060577-pp-dav7rsn3fgmvy-DBEmailSecurityGroup-BJNSKJ91BQCD,vpc-0fec40ee130fe2f53,RDS PostgreSQL database Email connectivity for app-4848-pte-1-ue1-infosv-rdsapg-1,121054060577,0,1,"aws:servicecatalog:productArn:arn:aws:catalog:us-east-1:721748162671:product/prod-imtz3lez247h2,aws:cloudformation:logical-id:DBEmailSecurityGroup,DataClassification:NonConfidential,Environment:NONPROD,aws:servicecatalog:provisionedProductArn:arn:aws:servicecatalog:us-east-1:121054060577:stack/PostgresDatabase-F2gX2W8vx0P5/pp-dav7rsn3fgmvy,aws:cloudformation:stack-id:arn:aws:cloudformation:us-east-1:121054060577:stack/SC-121054060577-pp-dav7rsn3fgmvy/f4b11c40-00c1-11ee-b656-0a2f0b26a7ad,aws:servicecatalog:provisioningPrincipalArn:arn:aws:sts::121054060577:assumed-role/CloudFormationRole/AWSCloudFormation,Name:app-4848-pte-1-ue1-infosv-rdsapg-1,hig-environment-type:NONPROD,aws:servicecatalog:provisioningArtifactIdentifier:pa-shokodcazm4qu,hig-planit-appid:APP-4848-NONPROD,aws:cloudformation:stack-name:SC-121054060577-pp-dav7rsn3fgmvy,aws:servicecatalog:portfolioArn:arn:aws:catalog:us-east-1:721748162671:portfolio/port-xs4quctlyp522,AppId:APP-4848-NONPROD,hig-billing:APP-4848,Billing:APP-4848,hig-data-classification:NonConfidential"
sg-0c9e150ef80b731a4,SC-121054060577-pp-dav7rsn3fgmvy-DBSecurityGroup-2RQAXXR7MHL9,vpc-0fec40ee130fe2f53,RDS PostgreSQL database access for app-4848-pte-1-ue1-infosv-rdsapg-1,121054060577,2,1,"DataClassification:NonConfidential,aws:servicecatalog:provisionedProductArn:arn:aws:servicecatalog:us-east-1:121054060577:stack/PostgresDatabase-F2gX2W8vx0P5/pp-dav7rsn3fgmvy,aws:servicecatalog:productArn:arn:aws:catalog:us-east-1:721748162671:product/prod-imtz3lez247h2,aws:servicecatalog:provisioningArtifactIdentifier:pa-shokodcazm4qu,aws:cloudformation:logical-id:DBSecurityGroup,hig-data-classification:NonConfidential,hig-planit-appid:APP-4848-NONPROD,hig-billing:APP-4848,AppId:APP-4848-NONPROD,aws:servicecatalog:provisioningPrincipalArn:arn:aws:sts::121054060577:assumed-role/CloudFormationRole/AWSCloudFormation,Billing:APP-4848,Environment:NONPROD,aws:cloudformation:stack-id:arn:aws:cloudformation:us-east-1:121054060577:stack/SC-121054060577-pp-dav7rsn3fgmvy/f4b11c40-00c1-11ee-b656-0a2f0b26a7ad,aws:servicecatalog:portfolioArn:arn:aws:catalog:us-east-1:721748162671:portfolio/port-xs4quctlyp522,aws:cloudformation:stack-name:SC-121054060577-pp-dav7rsn3fgmvy,hig-environment-type:NONPROD,Name:app-4848-pte-1-ue1-infosv-rdsapg-1"
sg-05794610eb384f191,SC-121054060577-pp-f3eo5l2rqzeue-ConnectionSecurityGroup-MEKLVVXKDENA,vpc-0fec40ee130fe2f53,APP-4848 Glue Connection,121054060577,1,2,"aws:servicecatalog:provisioningArtifactIdentifier:pa-kwstcnzf2ojg2,aws:cloudformation:stack-id:arn:aws:cloudformation:us-east-1:121054060577:stack/SC-121054060577-pp-f3eo5l2rqzeue/c007bfe0-8302-11ed-9353-1296f2d3ba85,hig-data-classification:NonConfidential,aws:cloudformation:logical-id:ConnectionSecurityGroup,aws:servicecatalog:productArn:arn:aws:catalog:us-east-1:721748162671:product/prod-6uhlnuhupswxk,hig-billing:APP-4848,aws:servicecatalog:provisionedProductArn:arn:aws:servicecatalog:us-east-1:121054060577:stack/App-4848-explore-glue-connection-int/pp-f3eo5l2rqzeue,hig-environment-type:NONPROD,aws:cloudformation:stack-name:SC-121054060577-pp-f3eo5l2rqzeue,aws:servicecatalog:provisioningPrincipalArn:arn:aws:sts::121054060577:assumed-role/CloudFormationRole/AWSCloudFormation,hig-planit-appid:APP-4848-NONPROD,aws:servicecatalog:portfolioArn:arn:aws:catalog:us-east-1:721748162671:portfolio/port-xs4quctlyp522"
sg-06feaf5c53a9e25b7,SC-121054060577-pp-fatjg24cpqols-DBEmailSecurityGroup-1AT8BBN1F5PTT,vpc-0fec40ee130fe2f53,RDS PostgreSQL database Email connectivity for infoservices-qa-pgdb,121054060577,0,1,"hig-data-classification:NonConfidential,DataClassification:NonConfidential,aws:cloudformation:stack-id:arn:aws:cloudformation:us-east-1:121054060577:stack/SC-121054060577-pp-fatjg24cpqols/3b915710-e911-11ed-884a-0a85225fddaf,aws:cloudformation:stack-name:SC-121054060577-pp-fatjg24cpqols,hig-environment-type:NONPROD,Name:infoservices-qa-pgdb,Environment:NONPROD,hig-billing:APP-4848,aws:servicecatalog:provisioningPrincipalArn:arn:aws:sts::121054060577:assumed-role/CloudFormationRole/AWSCloudFormation,Billing:APP-4848,aws:cloudformation:logical-id:DBEmailSecurityGroup,aws:servicecatalog:portfolioArn:arn:aws:catalog:us-east-1:721748162671:portfolio/port-xs4quctlyp522,aws:servicecatalog:productArn:arn:aws:catalog:us-east-1:721748162671:product/prod-imtz3lez247h2,aws:servicecatalog:provisionedProductArn:arn:aws:servicecatalog:us-east-1:121054060577:stack/PostgresDatabase-CA4ijoed1bR8/pp-fatjg24cpqols,hig-planit-appid:APP-4848-NONPROD,aws:servicecatalog:provisioningArtifactIdentifier:pa-shokodcazm4qu,AppId:APP-4848-NONPROD"
sg-014c7f12c52e5bdf1,SC-121054060577-pp-fatjg24cpqols-DBSecurityGroup-1WWIUF0AUAYD4,vpc-0fec40ee130fe2f53,RDS PostgreSQL database access for infoservices-qa-pgdb,121054060577,2,1,"aws:cloudformation:logical-id:DBSecurityGroup,aws:servicecatalog:provisioningArtifactIdentifier:pa-shokodcazm4qu,hig-data-classification:NonConfidential,aws:servicecatalog:provisioningPrincipalArn:arn:aws:sts::121054060577:assumed-role/CloudFormationRole/AWSCloudFormation,Environment:NONPROD,hig-billing:APP-4848,aws:servicecatalog:productArn:arn:aws:catalog:us-east-1:721748162671:product/prod-imtz3lez247h2,aws:servicecatalog:provisionedProductArn:arn:aws:servicecatalog:us-east-1:121054060577:stack/PostgresDatabase-CA4ijoed1bR8/pp-fatjg24cpqols,hig-environment-type:NONPROD,AppId:APP-4848-NONPROD,Billing:APP-4848,DataClassification:NonConfidential,Name:infoservices-qa-pgdb,hig-planit-appid:APP-4848-NONPROD,aws:cloudformation:stack-name:SC-121054060577-pp-fatjg24cpqols,aws:cloudformation:stack-id:arn:aws:cloudformation:us-east-1:121054060577:stack/SC-121054060577-pp-fatjg24cpqols/3b915710-e911-11ed-884a-0a85225fddaf,aws:servicecatalog:portfolioArn:arn:aws:catalog:us-east-1:721748162671:portfolio/port-xs4quctlyp522"
sg-0d1cf09c310638a5b,SC-121054060577-pp-hgukeh425tf6w-ConnectionSecurityGroup-1C7GXYH415LIN,vpc-0fec40ee130fe2f53,APP-4848 Glue Connection,121054060577,1,2,"aws:servicecatalog:provisioningArtifactIdentifier:pa-kwstcnzf2ojg2,hig-billing:APP-4848,hig-environment-type:NONPROD,hig-planit-appid:APP-4848-NONPROD,aws:cloudformation:stack-id:arn:aws:cloudformation:us-east-1:121054060577:stack/SC-121054060577-pp-hgukeh425tf6w/bd82b380-5ee3-11ed-9ef8-0a7b5142d7ad,hig-data-classification:NonConfidential,aws:servicecatalog:provisioningPrincipalArn:arn:aws:sts::121054060577:assumed-role/CloudFormationRole/AWSCloudFormation,aws:servicecatalog:provisionedProductArn:arn:aws:servicecatalog:us-east-1:121054060577:stack/App-4848-vehiclesymbols-glue-connection-pte/pp-hgukeh425tf6w,aws:servicecatalog:portfolioArn:arn:aws:catalog:us-east-1:721748162671:portfolio/port-xs4quctlyp522,aws:cloudformation:stack-name:SC-121054060577-pp-hgukeh425tf6w,aws:servicecatalog:productArn:arn:aws:catalog:us-east-1:721748162671:product/prod-6uhlnuhupswxk,aws:cloudformation:logical-id:ConnectionSecurityGroup"
sg-00ead9cd2f4bab94f,SC-121054060577-pp-m2uun3jbcn7ws-ConnectionSecurityGroup-10DLYZ9AR4KA,vpc-0fec40ee130fe2f53,APP-4848 Glue Connection,121054060577,1,2,"aws:cloudformation:stack-id:arn:aws:cloudformation:us-east-1:121054060577:stack/SC-121054060577-pp-m2uun3jbcn7ws/38ec8070-ecd7-11ec-b44d-126f2a3da8ef,aws:servicecatalog:portfolioArn:arn:aws:catalog:us-east-1:721748162671:portfolio/port-xs4quctlyp522,hig-environment-type:NONPROD,aws:servicecatalog:provisioningPrincipalArn:arn:aws:sts::121054060577:assumed-role/CloudFormationRole/AWSCloudFormation,hig-billing:APP-4848,hig-planit-appid:APP-4848-NONPROD,aws:servicecatalog:provisioningArtifactIdentifier:pa-kwstcnzf2ojg2,hig-data-classification:NonConfidential,aws:servicecatalog:provisionedProductArn:arn:aws:servicecatalog:us-east-1:121054060577:stack/App-4848-towncodes-glue-connection-pte/pp-m2uun3jbcn7ws,aws:cloudformation:logical-id:ConnectionSecurityGroup,aws:servicecatalog:productArn:arn:aws:catalog:us-east-1:721748162671:product/prod-6uhlnuhupswxk,aws:cloudformation:stack-name:SC-121054060577-pp-m2uun3jbcn7ws"
sg-0bb5ae63035b3e52d,SC-121054060577-pp-p7n6ekyhz7a6o-ConnectionSecurityGroup-1HWGCZ681VI7J,vpc-0fec40ee130fe2f53,APP-4848 Glue Connection,121054060577,1,2,"aws:servicecatalog:provisioningArtifactIdentifier:pa-kwstcnzf2ojg2,aws:cloudformation:logical-id:ConnectionSecurityGroup,aws:servicecatalog:portfolioArn:arn:aws:catalog:us-east-1:721748162671:portfolio/port-xs4quctlyp522,aws:cloudformation:stack-name:SC-121054060577-pp-p7n6ekyhz7a6o,hig-planit-appid:APP-4848-NONPROD,aws:servicecatalog:productArn:arn:aws:catalog:us-east-1:721748162671:product/prod-6uhlnuhupswxk,aws:servicecatalog:provisionedProductArn:arn:aws:servicecatalog:us-east-1:121054060577:stack/App-4848-explore-glue-connection-qa/pp-p7n6ekyhz7a6o,aws:cloudformation:stack-id:arn:aws:cloudformation:us-east-1:121054060577:stack/SC-121054060577-pp-p7n6ekyhz7a6o/3e37c410-a7d8-11ed-b94c-0a55d38b49ed,hig-environment-type:NONPROD,aws:servicecatalog:provisioningPrincipalArn:arn:aws:sts::121054060577:assumed-role/CloudFormationRole/AWSCloudFormation,hig-billing:APP-4848,hig-data-classification:NonConfidential"
sg-0c1926c485b223ee8,SC-121054060577-pp-tqojz2yx25l4k-ConnectionSecurityGroup-JDLL91WG15RA,vpc-0fec40ee130fe2f53,APP-4848 Glue Connection,121054060577,1,2,"aws:cloudformation:stack-id:arn:aws:cloudformation:us-east-1:121054060577:stack/SC-121054060577-pp-tqojz2yx25l4k/d48fbeb0-11e4-11ee-9063-12572ee006b1,aws:servicecatalog:portfolioArn:arn:aws:catalog:us-east-1:721748162671:portfolio/port-xs4quctlyp522,hig-environment-type:NONPROD,aws:cloudformation:logical-id:ConnectionSecurityGroup,aws:servicecatalog:productArn:arn:aws:catalog:us-east-1:721748162671:product/prod-6uhlnuhupswxk,aws:servicecatalog:provisionedProductArn:arn:aws:servicecatalog:us-east-1:121054060577:stack/App-4848-vehiclesymbols-glue-connection-qa/pp-tqojz2yx25l4k,aws:servicecatalog:provisioningArtifactIdentifier:pa-kwstcnzf2ojg2,hig-data-classification:NonConfidential,aws:cloudformation:stack-name:SC-121054060577-pp-tqojz2yx25l4k,aws:servicecatalog:provisioningPrincipalArn:arn:aws:sts::121054060577:assumed-role/CloudFormationRole/AWSCloudFormation,hig-billing:APP-4848,hig-planit-appid:APP-4848-NONPROD"
sg-094c6693264dcbd17,SC-121054060577-pp-tulfphx3bm5w2-ConnectionSecurityGroup-1SAZU9T4F9914,vpc-0fec40ee130fe2f53,APP-4848 Glue Connection,121054060577,1,2,"aws:cloudformation:stack-name:SC-121054060577-pp-tulfphx3bm5w2,aws:servicecatalog:productArn:arn:aws:catalog:us-east-1:721748162671:product/prod-6uhlnuhupswxk,hig-planit-appid:APP-4848-NONPROD,hig-environment-type:NONPROD,aws:servicecatalog:portfolioArn:arn:aws:catalog:us-east-1:721748162671:portfolio/port-xs4quctlyp522,aws:cloudformation:stack-id:arn:aws:cloudformation:us-east-1:121054060577:stack/SC-121054060577-pp-tulfphx3bm5w2/4b87c4f0-9809-11ed-b6c0-0a9e35c00e4d,aws:servicecatalog:provisionedProductArn:arn:aws:servicecatalog:us-east-1:121054060577:stack/App-4848-telematics-daily-glue-connection-dev/pp-tulfphx3bm5w2,aws:servicecatalog:provisioningPrincipalArn:arn:aws:sts::121054060577:assumed-role/CloudFormationRole/AWSCloudFormation,hig-billing:APP-4848,hig-data-classification:NonConfidential,aws:servicecatalog:provisioningArtifactIdentifier:pa-kwstcnzf2ojg2,aws:cloudformation:logical-id:ConnectionSecurityGroup"